арестовать	арестовывать
баловать	избаловать
баловать	побаловать
баловаться	побаловаться
банкротиться	обанкротиться
бегать	побегать
бежать	побежать
белить	побелить
беречь	поберечь
беречь	сберечь
беречься	поберечься
беседовать	побеседовать
беспокоить	обеспокоить
беспокоить	побеспокоить
беспокоиться	забеспокоиться
беспокоиться	побеспокоиться
бинтовать	забинтовать
бинтовать	перебинтовать
бить	побить
благодарить	поблагодарить
благословить	благословлять
блокировать	заблокировать
богатеть	разбогатеть
болеть	заболеть
болеть	поболеть
болтать	поболтать
бомбить	разбомбить
бормотать	пробормотать
бороться	побороться
брать	взять
браться	взяться
брезговать	побрезговать
брить	побрить
бродить	побродить
бронировать	забронировать
бросать	бросить
бросаться	броситься
брызгать	брызнуть
будить	разбудить
бунтовать	взбунтовать
бывать	побывать
валить	повалить
валить	свалить
валиться	повалиться
варить	сварить
вверить	вверять
ввести	вводить
вглядеться	вглядываться
вдохновить	вдохновлять
вдохнуть	вдыхать
вербовать	завербовать
верить	поверить
вернуть	возвращать
вернуться	возвращаться
верстать	сверстать
вертеть	повертеть
вертеться	завертеться
веселить	развеселить
веселиться	повеселиться
вешать	повесить
веять	повеять
взбадриваться	взбодриться
взбалтывать	взболтать
взбивать	взбить
взбираться	взобраться
взваливать	взвалить
взвесить	взвешивать
взволновать	волновать
взволноваться	волноваться
взглянуть	глядеть
взглянуть	смотреть
вздохнуть	вздыхать
вздуваться	вздуться
взламывать	взломать
взлетать	взлететь
взмахивать	взмахнуть
взмывать	взмыть
взойти	восходить
взойти	всходить
взорвать	взрывать
взорваться	взрываться
взрастить	взращивать
взрослеть	повзрослеть
взывать	воззвать
видать	повидать
видеть	повидать
видеть	увидеть
видеться	увидеться
визировать	завизировать
висеть	повисеть
вкладывать	вложить
включать	включить
включаться	включиться
владеть	овладеть
влезать	влезть
влечь	повлечь
вливать	влить
вливаться	влиться
влиять	повлиять
влюбиться	влюбляться
вместить	вмещать
вмешаться	вмешиваться
внедрить	внедрять
внедриться	внедряться
внести	вносить
внушать	внушить
вовлекать	вовлечь
возбудить	возбуждать
возбудиться	возбуждаться
возвести	возводить
возвратить	возвращать
возвратиться	возвращаться
возвыситься	возвышаться
возглавить	возглавлять
воздержаться	воздерживаться
возиться	повозиться
возлагать	возложить
возместить	возмещать
возмутиться	возмущаться
вознаградить	вознаграждать
возненавидеть	ненавидеть
вознести	возносить
возникать	возникнуть
возобновить	возобновлять
возобновиться	возобновляться
возражать	возразить
возрастать	возрасти
возродить	возрождать
возродиться	возрождаться
войти	входить
волноваться	заволноваться
воображать	вообразить
воодушевить	воодушевлять
воодушевиться	воодушевляться
вооружать	вооружить
воплотить	воплощать
воплотиться	воплощаться
ворваться	врываться
воровать	своровать
воровать	украсть
ворчать	проворчать
воскликнуть	восклицать
воскресать	воскреснуть
воспалиться	воспаляться
воспевать	воспеть
воспитать	воспитывать
воспламениться	воспламеняться
восполнить	восполнять
воспользоваться	пользоваться
воспрепятствовать	препятствовать
воспроизвести	воспроизводить
воспротивиться	противиться
воссоединиться	воссоединяться
воссоздавать	воссоздать
восставать	восстать
восстанавливать	восстановить
восстанавливаться	восстановиться
восхвалить	восхвалять
восхититься	восхищаться
воткнуть	втыкать
впадать	впасть
вписать	вписывать
вписаться	вписываться
впитать	впитывать
впитаться	впитываться
врать	наврать
врать	соврать
вредить	навредить
вредить	повредить
вручать	вручить
всасывать	всосать
вскарабкаться	карабкаться
вскармливать	вскормить
вскидывать	вскинуть
вскипеть	кипеть
вскипятить	кипятить
вскрывать	вскрыть
всовывать	всунуть
вспахать	вспахивать
вспоминать	вспомнить
вспотеть	потеть
вспыхивать	вспыхнуть
вставать	встать
вставить	вставлять
встревожить	тревожить
встревожиться	тревожиться
встретить	встречать
встретиться	встречаться
встряхивать	встряхнуть
вступать	вступить
всхлипнуть	всхлипывать
вторгаться	вторгнуться
втягивать	втянуть
въезжать	въехать
выбивать	выбить
выбирать	выбрать
выбираться	выбраться
выбраковать	выбраковывать
выбрасывать	выбросить
выбывать	выбыть
вывезти	вывозить
вывести	выводить
вывихивать	вывихнуть
выгибать	выгнуть
выгнать	выгонять
выгравировать	гравировать
выгуливать	выгулять
выдавать	выдать
выдаваться	выдаться
выдавить	выдавливать
выдалбливать	выдолбить
выдвигать	выдвинуть
выдвигаться	выдвинуться
выдворить	выдворять
выделить	выделять
выделиться	выделяться
выдергивать	выдернуть
выдержать	выдерживать
выдохнуть	выдыхать
выдрессировать	дрессировать
выдумать	выдумывать
выезжать	выехать
выжать	выжимать
выждать	выжидать
выживать	выжить
вызвать	вызывать
выздоравливать	выздороветь
выиграть	выигрывать
выискать	выискивать
выйти	выходить
выказать	выказывать
выкапывать	выкопать
выкладывать	выложить
выключать	выключить
выковать	ковать
выкраивать	выкроить
выкрикивать	выкрикнуть
выкрутить	выкручивать
выкупать	выкупить
выкупаться	купаться
вылавливать	выловить
вылезать	вылезти
вылечивать	вылечить
вылечить	лечить
вылечиться	лечиться
выливать	вылить
выливаться	вылиться
выманивать	выманить
вымачивать	вымочить
вымереть	вымирать
вымостить	мостить
вымыть	мыть
вынести	выносить
вынимать	вынуть
вынудить	вынуждать
выпадать	выпасть
выпекать	выпечь
выпивать	выпить
выписать	выписывать
выписаться	выписываться
выпить	пить
выплавить	выплавлять
выплатить	выплачивать
выплескивать	выплеснуть
выполнить	выполнять
выпрашивать	выпросить
выпроваживать	выпроводить
выпрямиться	выпрямляться
выпускать	выпустить
выпускаться	выпуститься
вырабатывать	выработать
выравнивать	выровнять
выражать	выразить
вырастать	вырасти
вырасти	расти
вырастить	выращивать
вырастить	растить
вырваться	вырываться
выругаться	ругаться
выручать	выручить
высадиться	высаживаться
высвободить	высвобождать
высевать	высеять
высекать	высечь
высидеть	высиживать
высказать	высказывать
высказаться	высказываться
выслать	высылать
выслуживаться	выслужиться
выслушать	выслушивать
высмеивать	высмеять
высовываться	высунуться
высохнуть	высыхать
высохнуть	сохнуть
выставить	выставлять
выстраивать	выстроить
выстраиваться	выстроиться
выстрелить	стрелять
выступать	выступить
высушивать	высушить
высушить	сушить
выталкивать	вытолкнуть
вытаскивать	вытащить
вытащить	тащить
вытекать	вытечь
вытереть	вытирать
вытерпеть	терпеть
вытеснить	вытеснять
вытряхивать	вытряхнуть
выть	завыть
вытягивать	вытянуть
выучить	учить
выцарапать	выцарапывать
вычеркивать	вычеркнуть
вычерпать	вычерпывать
вычесть	вычитать
вычислить	вычислять
вышивать	вышить
выявить	выявлять
выяснить	выяснять
вязать	связать
гадать	погадать
гасить	погасить
гаснуть	погаснуть
генерировать	сгенерировать
гипнотизировать	загипнотизировать
гладить	погладить
глотать	глотнуть
глотать	проглотить
глохнуть	заглохнуть
глохнуть	оглохнуть
глядеть	поглядеть
гнаться	погнаться
гневаться	разгневаться
гнить	сгнить
гнуть	согнуть
говорить	поговорить
говорить	сказать
голосовать	проголосовать
горевать	погоревать
гореть	сгореть
гостить	погостить
готовить	подготовить
готовить	приготовить
грабить	ограбить
греметь	загреметь
греть	нагреть
греть	согреть
греться	погреться
греться	согреться
гримироваться	загримироваться
громить	разгромить
грузить	загрузить
грузить	погрузить
грустить	загрустить
губить	погубить
гудеть	загудеть
гулять	погулять
давать	дать
давить	надавить
давить	раздавить
дарить	подарить
двигать	двинуть
двигать	подвинуть
двигаться	двинуться
дежурить	подежурить
дезинфицировать	продезинфицировать
дезорганизовать	дезорганизовывать
действовать	подействовать
декларировать	задекларировать
делать	сделать
делить	поделить
делить	разделить
делиться	поделиться
демонстрировать	продемонстрировать
дергать	дернуть
держать	подержать
держаться	продержаться
дерзать	дерзнуть
длиться	продлиться
добавить	добавлять
добиваться	добиться
добывать	добыть
доверить	доверять
довести	доводить
догадаться	догадываться
догнать	догонять
договариваться	договориться
дождаться	дожидаться
дозваниваться	дозвониться
дозволить	дозволять
дознаваться	дознаться
дойти	доходить
доказать	доказывать
докладывать	доложить
домысливать	домыслить
донести	доносить
донестись	доноситься
донимать	донять
доплатить	доплачивать
дополнить	дополнять
допрашивать	допросить
допускать	допустить
допытаться	допытываться
дорожать	подорожать
доставать	достать
доставить	доставлять
достигать	достигнуть
достигать	достичь
дотрагиваться	дотронуться
дотягиваться	дотянуться
дразнить	подразнить
драться	подраться
дробить	раздробить
дрожать	задрожать
дружить	подружиться
дряхлеть	одряхлеть
думать	подумать
дурачить	одурачить
дуть	подуть
душить	задушить
дышать	подышать
ездить	поездить
есть	поесть
есть	съесть
ехать	поехать
жадничать	пожадничать
жалеть	пожалеть
жаловаться	пожаловаться
жарить	пожарить
жать	пожать
жать	сжать
ждать	подождать
жевать	прожевать
желать	пожелать
жениться	пожениться
жертвовать	пожертвовать
жечь	сжечь
жить	пожить
забавляться	позабавиться
забивать	забить
забирать	забрать
забираться	забраться
заболевать	заболеть
заботиться	позаботиться
забывать	забыть
забываться	забыться
заваривать	заварить
завернуть	заворачивать
завершать	завершить
завершаться	завершиться
завести	заводить
завидовать	позавидовать
завлекать	завлечь
завоевать	завоевывать
завязать	завязывать
заглушать	заглушить
заглядывать	заглянуть
заговаривать	заговорить
загораживать	загородить
загорать	загореть
загораться	загореться
загружать	загрузить
загрязнить	загрязнять
задавать	задать
задевать	задеть
задержать	задерживать
задержаться	задерживаться
задохнуться	задыхаться
задумать	задумывать
задуматься	задумываться
зажать	зажимать
зажечь	зажигать
заживать	зажить
зазвать	зазывать
зазвенеть	звенеть
заикаться	заикнуться
заимствовать	позаимствовать
заинтересовать	интересовать
заинтересоваться	заинтересовываться
заинтересоваться	интересоваться
зайти	заходить
заказать	заказывать
закалить	закалять
заканчивать	закончить
заканчиваться	закончиться
закапывать	закопать
закатать	закатывать
закатить	закатывать
закладывать	заложить
заклеивать	заклеить
заключать	заключить
заключаться	заключиться
закоптить	коптить
закрасить	закрашивать
закрепить	закреплять
закричать	кричать
закружить	кружить
закружиться	кружиться
закрутить	закручивать
закрывать	закрыть
закрываться	закрыться
закупать	закупить
закупоривать	закупорить
закурить	курить
залатать	латать
заливать	залить
замазать	замазывать
замалчивать	замолчать
заманивать	заманить
замариновать	мариновать
замаскировать	маскировать
замачивать	замочить
замедлить	замедлять
заменить	заменять
замереть	замирать
замерзать	замерзнуть
замерзнуть	мерзнуть
замести	заметать
заместить	замещать
заметаться	метаться
заметить	замечать
заминать	замять
замораживать	заморозить
замучить	мучить
замыслить	замышлять
занервничать	нервничать
занести	заносить
занижать	занизить
занимать	занять
заниматься	заняться
заныть	ныть
заорать	орать
запаздывать	запоздать
запачкать	пачкать
запекать	запечь
запереть	запирать
запечатать	запечатывать
записать	записывать
записаться	записываться
запихивать	запихнуть
заплакать	плакать
запланировать	планировать
заплатить	платить
заподозрить	подозревать
заполнить	заполнять
запоминать	запомнить
заправить	заправлять
запрашивать	запросить
запретить	запрещать
запугать	запугивать
запускать	запустить
запутать	запутывать
запутаться	запутываться
запутаться	путаться
зарабатывать	заработать
заражать	заразить
заражаться	заразиться
зареветь	реветь
зарегистрировать	регистрировать
зарегистрироваться	регистрироваться
заржаветь	ржаветь
зародиться	зарождаться
зарывать	зарыть
зарыдать	рыдать
зарычать	рычать
зарядить	заряжать
засветить	засвечивать
засветиться	светиться
засвистеть	свистеть
засидеться	засиживаться
засиять	сиять
заскучать	скучать
заслонить	заслонять
заслуживать	заслужить
засмеяться	смеяться
заснуть	засыпать
засомневаться	сомневаться
засорить	засорять
заставать	застать
заставить	заставлять
застаиваться	застояться
застегивать	застегнуть
застонать	стонать
застраховать	страховать
застревать	застрять
заступать	заступить
застывать	застыть
засуетиться	суетиться
засыпать	уснуть
затаивать	затаить
затаиваться	затаиться
затачивать	заточить
затвердевать	затвердеть
затворить	затворять
затевать	затеять
затихать	затихнуть
заткнуть	затыкать
затопить	затоплять
затосковать	тосковать
затрагивать	затронуть
затруднить	затруднять
затрудниться	затрудняться
затрястись	трястись
затуманивать	затуманить
затухать	затухнуть
затягивать	затянуть
зафиксировать	фиксировать
захватить	захватывать
захоранивать	захоронить
захотеть	хотеть
зацепить	зацеплять
зацепить	цеплять
зацепиться	цепляться
зачать	зачинать
зачеркивать	зачеркнуть
зачислить	зачислять
зачитать	зачитывать
зашевелиться	шевелиться
зашивать	зашить
зашуметь	шуметь
защитить	защищать
защититься	защищаться
заявить	заявлять
звать	позвать
звонить	позвонить
звучать	прозвучать
здороваться	поздороваться
зевать	зевнуть
злить	разозлить
злиться	разозлиться
злоупотребить	злоупотреблять
знакомить	познакомить
знакомиться	познакомиться
игнорировать	проигнорировать
играть	поиграть
играть	сыграть
идти	пойти
избавить	избавлять
избавиться	избавляться
избегать	избежать
избивать	избить
избирать	избрать
извести	изводить
извинить	извинять
извиниться	извиняться
извлекать	извлечь
извратить	извращать
изгибаться	изогнуться
изгнать	изгонять
изготавливать	изготовить
изготовить	изготовлять
издавать	издать
издеваться	поиздеваться
излагать	изложить
изливать	излить
излучать	излучить
изменить	изменять
измениться	изменяться
измерить	измерять
измерить	мерить
изнашивать	износить
изнашиваться	износиться
изображать	изобразить
изобрести	изобретать
израсходовать	расходовать
изумить	изумлять
изучать	изучить
изъять	изымать
изыскать	изыскивать
инспектировать	проинспектировать
интересоваться	поинтересоваться
информировать	проинформировать
искажать	исказить
искать	поискать
исключать	исключить
искоренить	искоренять
искривить	искривлять
искривиться	искривляться
искупаться	купаться
испарить	испарять
испариться	испаряться
испачкать	пачкать
испачкаться	пачкаться
испечь	печь
исполнить	исполнять
испортить	портить
испортиться	портиться
исправить	исправлять
исправиться	исправляться
испрашивать	испросить
испугать	пугать
испугаться	пугаться
испускать	испустить
испытать	испытывать
иссякать	иссякнуть
истекать	истечь
истолковать	истолковывать
истолковать	толковать
истощать	истощить
истощаться	истощиться
истратить	тратить
истребить	истреблять
исцелить	исцелять
исцелиться	исцеляться
исчезать	исчезнуть
исчерпать	исчерпывать
исчерпаться	исчерпываться
казаться	показаться
калечить	покалечить
капать	капнуть
карать	покарать
касаться	коснуться
катать	покатать
кататься	покататься
катиться	покатиться
качать	качнуть
качаться	качнуться
качаться	покачаться
кашлянуть	кашлять
кивать	кивнуть
кидать	кинуть
кланяться	поклониться
класть	положить
клевать	клюнуть
клеветать	оклеветать
клеить	приклеить
клеить	склеить
кликать	кликнуть
клясться	поклясться
колебать	поколебать
колебаться	поколебаться
колоть	расколоть
колоть	уколоть
колыхаться	колыхнуться
командовать	скомандовать
комбинировать	скомбинировать
комментировать	прокомментировать
конструировать	сконструировать
консультировать	проконсультировать
консультироваться	проконсультироваться
контролировать	проконтролировать
конфисковать	конфисковывать
конфузиться	сконфузиться
концентрироваться	сконцентрироваться
кончать	покончить
кончаться	кончиться
координировать	скоординировать
копать	копнуть
копировать	скопировать
копить	накопить
кормить	накормить
кормить	покормить
коротать	скоротать
корректировать	скорректировать
красить	покрасить
краснеть	покраснеть
красть	украсть
кривить	скривить
крикнуть	кричать
критиковать	раскритиковать
кроить	скроить
крутить	покрутить
купить	покупать
курить	покурить
кусать	укусить
ладить	поладить
ласкать	приласкать
лгать	солгать
лежать	полежать
лезть	полезть
лениться	полениться
лепить	слепить
лететь	полететь
лечь	ложиться
лизать	лизнуть
липнуть	прилипнуть
листать	полистать
листать	пролистать
лишать	лишить
лишаться	лишиться
ловить	поймать
ломать	сломать
лопаться	лопнуть
льстить	польстить
любить	полюбить
любоваться	полюбоваться
ляпать	ляпнуть
мазать	намазать
мазать	помазать
макать	макнуть
махать	махнуть
махать	помахать
мелькать	мелькнуть
менять	поменять
меняться	поменяться
мерить	померить
мериться	помериться
мести	подмести
метать	метнуть
метаться	метнуться
мечтать	помечтать
мешать	помешать
мигать	мигнуть
миловать	помиловать
мириться	помириться
мобилизовать	мобилизовывать
мокнуть	промокнуть
молиться	помолиться
молчать	промолчать
монтировать	смонтировать
моргать	моргнуть
морщиться	поморщиться
морщиться	сморщиться
мочить	намочить
мочь	смочь
мстить	отомстить
мучиться	намучиться
мчаться	помчаться
мыть	помыть
мыться	помыться
мять	помять
набивать	набить
набирать	набрать
набираться	набраться
наблюдать	понаблюдать
набрасывать	набросать
набрасываться	наброситься
набухать	набухнуть
наверстать	наверстывать
навести	наводить
навестить	навещать
нависать	нависнуть
навлекать	навлечь
навязать	навязывать
нагнать	нагонять
наградить	награждать
нагревать	нагреть
нагреваться	нагреться
надевать	надеть
наделить	наделять
надеяться	понадеяться
надоедать	надоесть
надписать	надписывать
надувать	надуть
наедаться	наесться
нажать	нажимать
наживаться	нажиться
назвать	называть
назваться	называться
назначать	назначить
назревать	назреть
найти	находить
наказать	наказывать
накапливать	накопить
накапливаться	накопиться
накидывать	накинуть
накладывать	наложить
накладываться	наложиться
наклеивать	наклеить
наклонить	наклонять
наклониться	наклоняться
накрывать	накрыть
налагать	наложить
наладить	налаживать
наладиться	налаживаться
наливать	налить
наливаться	налиться
намазать	намазывать
наматывать	намотать
намекать	намекнуть
наметить	намечать
нанести	наносить
нанизать	нанизывать
нанимать	нанять
нападать	напасть
напевать	напеть
напечатать	печатать
написать	писать
напоить	поить
наполнить	наполнять
напоминать	напомнить
направить	направлять
направиться	направляться
напрягать	напрячь
напрягаться	напрячься
напугать	пугать
нарастать	нарасти
нарастить	наращивать
нарваться	нарываться
нарисовать	рисовать
нарушать	нарушить
нарядиться	наряжаться
насладиться	наслаждаться
наследовать	унаследовать
наставить	наставлять
настаивать	настоять
настигать	настигнуть
настораживаться	насторожиться
настраивать	настроить
наступать	наступить
насытиться	насыщаться
наталкиваться	натолкнуться
наткнуться	натыкаться
наточить	точить
натренировать	тренировать
натягивать	натянуть
научить	учить
научиться	учиться
нахмуриваться	нахмуриться
нацеливаться	нацелиться
начать	начинать
начаться	начинаться
недооценивать	недооценить
нервничать	понервничать
нести	понести
нестись	понестись
ночевать	переночевать
нравиться	понравиться
нумеровать	пронумеровать
нырнуть	нырять
нюхать	понюхать
обвести	обводить
обвивать	обвить
обвинить	обвинять
обвисать	обвиснуть
обвязать	обвязывать
обгонять	обогнать
обдирать	ободрать
обдувать	обдуть
обдумать	обдумывать
обедать	пообедать
обеззараживать	обеззаразить
оберегать	оберечь
обернуть	обертывать
обернуться	оборачиваться
обеспечивать	обеспечить
обесцветить	обесцвечивать
обесценивать	обесценить
обесцениваться	обесцениться
обещать	пообещать
обжаривать	обжарить
обжечь	обжигать
обидеть	обижать
обидеться	обижаться
облегчать	облегчить
обмакивать	обмакнуть
обмануть	обманывать
обматывать	обмотать
обмахивать	обмахнуть
обменивать	обменять
обмениваться	обменяться
обнажать	обнажить
обналичивать	обналичить
обнаруживать	обнаружить
обнимать	обнять
обниматься	обняться
обновить	обновлять
обновиться	обновляться
обобщать	обобщить
обогатить	обогащать
обогатиться	обогащаться
обогнуть	огибать
обогреваться	обогреться
ободрить	ободрять
обозначать	обозначить
обойти	обходить
оборониться	обороняться
обосновать	обосновывать
обосноваться	обосновываться
обособить	обособлять
обособиться	обособляться
обострить	обострять
обостриться	обостряться
обрабатывать	обработать
образовать	образовывать
образоваться	образовываться
обрамить	обрамлять
обратить	обращать
обратиться	обращаться
обременить	обременять
обручаться	обручиться
обрушиваться	обрушиться
обрушиться	рушиться
обслуживать	обслужить
обступать	обступить
обсудить	обсуждать
обусловить	обусловливать
обустраивать	обустроить
обучать	обучить
обучаться	обучиться
общаться	пообщаться
объединить	объединять
объединиться	объединяться
объезжать	объехать
объявить	объявлять
объяснить	объяснять
объясниться	объясняться
обыскать	обыскивать
овладевать	овладеть
огласить	оглашать
оглядеться	оглядываться
оглядываться	оглянуться
ограничивать	ограничить
ограничиваться	ограничиться
одалживать	одолжить
одеваться	одеться
одержать	одерживать
одобрить	одобрять
одолевать	одолеть
оживать	ожить
оживить	оживлять
оживиться	оживляться
озадачивать	озадачить
озарить	озарять
оздоравливать	оздоровить
оказать	оказывать
оказаться	оказываться
оканчивать	окончить
окостеневать	окостенеть
окоченевать	окоченеть
окрасить	окрашивать
окропить	окроплять
окружать	окружить
окуривать	окурить
окутать	окутывать
олицетворить	олицетворять
онемевать	онеметь
опаздывать	опоздать
опередить	опережать
опереться	опираться
опечалиться	печалиться
опечатать	опечатывать
описать	описывать
оплакать	оплакивать
оплатить	оплачивать
оплести	оплетать
оповестить	оповещать
опозорить	позорить
опозориться	позориться
ополаскивать	ополоскать
оправдать	оправдывать
оправдаться	оправдываться
оправиться	оправляться
опрашивать	опросить
определить	определять
определиться	определяться
опреснить	опреснять
опровергать	опровергнуть
опрокидывать	опрокинуть
опрыскать	опрыскивать
опубликовать	публиковать
опубликоваться	публиковаться
опускать	опустить
опускаться	опуститься
опухать	опухнуть
опьянеть	пьянеть
организовать	организовывать
ориентировать	сориентировать
ориентироваться	сориентироваться
оробеть	робеть
оросить	орошать
осваивать	освоить
осведомиться	осведомляться
освежать	освежить
освежаться	освежиться
осветить	освещать
осветиться	освещаться
освободить	освобождать
освободиться	освобождаться
оседать	осесть
оскалить	скалить
оскорбить	оскорблять
ослабевать	ослабеть
ослабить	ослаблять
ослепить	ослеплять
ослепнуть	слепнуть
осматривать	осмотреть
осматриваться	осмотреться
осмеливаться	осмелиться
оснастить	оснащать
основать	основывать
основаться	основываться
осознавать	осознать
оспаривать	оспорить
оставаться	остаться
оставить	оставлять
останавливать	остановить
останавливаться	остановиться
остерегать	остеречь
остерегаться	остеречься
остудить	остужать
остывать	остыть
осудить	осуждать
осуществить	осуществлять
отбеливать	отбелить
отбиваться	отбиться
отбирать	отобрать
отбрасывать	отбросить
отбывать	отбыть
отваживать	отводить
отвергать	отвергнуть
отвести	отводить
ответвиться	ответвляться
ответить	отвечать
отвлекать	отвлечь
отгадать	отгадывать
отговаривать	отговорить
отдавать	отдать
отделать	отделывать
отделаться	отделываться
отделить	отделять
отделиться	отделяться
отдохнуть	отдыхать
отекать	отечь
отжать	отжимать
отзывать	отозвать
отказаться	отказываться
откидывать	откинуть
откладывать	отложить
откликаться	откликнуться
отклонить	отклонять
отклониться	отклоняться
отключать	отключить
открутить	откручивать
открывать	открыть
открываться	открыться
отливать	отлить
отличать	отличить
отличаться	отличиться
отмахиваться	отмахнуться
отменить	отменять
отметить	отмечать
отнести	относить
отнестись	относиться
отнимать	отнять
отображать	отобразить
отодвигать	отодвинуть
отождествить	отождествлять
отойти	отходить
оторвать	отрывать
оторваться	отрываться
отпадать	отпасть
отпереться	отпираться
отплатить	отплачивать
отполировать	полировать
отправить	отправлять
отправиться	отправляться
отпраздновать	праздновать
отпрашиваться	отпроситься
отпускать	отпустить
отрабатывать	отработать
отравить	отравлять
отравить	травить
отравиться	отравляться
отражать	отразить
отражаться	отразиться
отреагировать	реагировать
отрегулировать	регулировать
отредактировать	редактировать
отрезвиться	отрезвляться
отремонтировать	ремонтировать
отрепетировать	репетировать
отретушировать	ретушировать
отругать	ругать
отсеивать	отсеять
отсекать	отсечь
отсканировать	сканировать
отследить	отслеживать
отставать	отстать
отстаивать	отстоять
отступать	отступить
отсчитать	отсчитывать
отталкивать	оттолкнуть
отталкиваться	оттолкнуться
отчаиваться	отчаяться
отчислить	отчислять
отчислиться	отчисляться
отчитать	отчитывать
отчитаться	отчитываться
отшлифовать	шлифовать
отщипнуть	отщипывать
отыграться	отыгрываться
отыскать	отыскивать
отяготить	отягощать
оформить	оформлять
охарактеризовать	характеризовать
охватить	охватывать
охладить	охлаждать
оценивать	оценить
очаровать	очаровывать
очернить	очернять
очертить	очерчивать
очистить	очищать
ошеломить	ошеломлять
ошибаться	ошибиться
ошпаривать	ошпарить
оштрафовать	штрафовать
оштукатурить	штукатурить
ощупать	ощупывать
ощутить	ощущать
падать	пасть
падать	упасть
парковать	припарковать
пасовать	спасовать
переадресовать	переадресовывать
перебивать	перебить
перебиваться	перебиться
перебирать	перебрать
переваривать	переварить
перевезти	перевозить
перевернуть	переворачивать
перевести	переводить
перевязать	перевязывать
перегораживать	перегородить
перегреваться	перегреться
перегружать	перегрузить
передавать	передать
передаваться	передаться
передвигаться	передвинуться
переделать	переделывать
переезжать	переехать
пережевать	пережевывать
переживать	пережить
переиздавать	переиздать
переименовать	переименовывать
перейти	переходить
перекачать	перекачивать
перекладывать	переложить
переключать	переключить
перекрывать	перекрыть
перекрываться	перекрыться
перелетать	перелететь
переливать	перелить
переливаться	перелиться
переменить	переменять
переместить	перемещать
переместиться	перемещаться
перемешать	перемешивать
перемешаться	перемешиваться
перенаправить	перенаправлять
перенести	переносить
перенимать	перенять
переодеваться	переодеться
переосмысливать	переосмыслить
перепечатать	перепечатывать
переписать	переписывать
переплестись	переплетаться
переполнить	переполнять
переполниться	переполняться
переправиться	переправляться
перепроверить	перепроверять
перепродавать	перепродать
перепутать	перепутывать
перепутать	путать
перерабатывать	переработать
перерубать	перерубить
пересадить	пересаживать
пересаживаться	пересесть
пересдавать	пересдать
пересекать	пересечь
пересекаться	пересечься
переселить	переселять
переселиться	переселяться
переслать	пересылать
пересматривать	пересмотреть
перестраивать	перестроить
переступать	переступить
пересчитать	пересчитывать
перетасовать	тасовать
переубедить	переубеждать
переупаковать	переупаковывать
перехваливать	перехвалить
перехватить	перехватывать
перечеркивать	перечеркнуть
перечислить	перечислять
перешагивать	перешагнуть
петь	спеть
пинать	пнуть
пить	попить
пихать	пихнуть
плавать	поплавать
плавить	расплавить
плавиться	расплавиться
плакать	поплакать
планировать	спланировать
плевать	плюнуть
пленить	пленять
плескать	плеснуть
плести	сплести
плыть	поплыть
победить	побеждать
побудить	побуждать
повернуть	поворачивать
повернуться	поворачиваться
повредить	повреждать
повторить	повторять
повториться	повторяться
повысить	повышать
повыситься	повышаться
повязать	повязывать
погасить	погашать
погибать	погибнуть
поглотить	поглощать
поговорить	разговаривать
погребать	погрести
погружать	погрузить
погружаться	погрузиться
подавать	подать
подавить	подавлять
подбадривать	подбодрить
подбирать	подобрать
подбрасывать	подбросить
подвергать	подвергнуть
подвергаться	подвергнуться
подвернуть	подворачивать
подвесить	подвешивать
подвести	подводить
подглядеть	подглядывать
подгонять	подогнать
подготавливать	подготовить
поддакивать	поддакнуть
подделать	подделывать
поддержать	поддерживать
поджечь	поджигать
подзывать	подозвать
подкладывать	подложить
подключать	подключить
подключаться	подключиться
подкрепиться	подкрепляться
подкупать	подкупить
подлизаться	подлизываться
подмести	подметать
подмешать	подмешивать
подмигивать	подмигнуть
подначивать	подначить
поднести	подносить
поднимать	поднять
подниматься	подняться
подогревать	подогреть
подойти	подходить
подорвать	подрывать
подпереть	подпирать
подписать	подписывать
подписаться	подписываться
подправить	подправлять
подпрыгивать	подпрыгнуть
подрабатывать	подработать
подразделить	подразделять
подсказать	подсказывать
подскакивать	подскочить
подсматривать	подсмотреть
подставить	подставлять
подстелить	подстилать
подстрекать	подстрекнуть
подстригать	подстричь
подстричь	стричь
подстричься	стричься
подступать	подступить
подсчитать	подсчитывать
подталкивать	подтолкнуть
подтасовать	подтасовывать
подтачивать	подточить
подтвердить	подтверждать
подчеркивать	подчеркнуть
подчиниться	подчиняться
подшутить	подшучивать
подъезжать	подъехать
пожалеть	сожалеть
пожать	пожимать
позволить	позволять
поздравить	поздравлять
показать	показывать
показаться	показываться
покидать	покинуть
поклониться	поклоняться
покорить	покорять
покрывать	покрыть
покрываться	покрыться
полагаться	положиться
поливать	полить
полоскать	прополоскать
получать	получить
поместить	помещать
пометить	помечать
поминать	помянуть
помогать	помочь
понижать	понизить
понижаться	понизиться
поникать	поникнуть
понимать	понять
поощрить	поощрять
попадать	попасть
попадаться	попасться
попирать	попрать
пополнить	пополнять
поправить	поправлять
поправиться	поправляться
попрактиковаться	практиковаться
поприветствовать	приветствовать
попробовать	пробовать
попросить	просить
попрощаться	прощаться
попутешествовать	путешествовать
попытаться	пытаться
попятиться	пятиться
поработать	работать
поражать	поразить
поражаться	поразиться
поразмышлять	размышлять
порвать	порывать
порвать	рвать
порваться	рваться
порезать	резать
порекомендовать	рекомендовать
породить	порождать
поругаться	ругаться
поручать	поручить
поручаться	поручиться
порыться	рыться
посадить	сажать
посветить	светить
посвятить	посвящать
поселиться	поселяться
посетить	посещать
посетовать	сетовать
посеять	сеять
посидеть	сидеть
поскакать	скакать
поскандалить	скандалить
поскупиться	скупиться
послать	посылать
последовать	следовать
послужить	служить
послушать	слушать
послушаться	слушаться
посметь	сметь
посмеяться	смеяться
посмотреть	смотреть
посоветовать	советовать
посоветоваться	советоваться
посодействовать	содействовать
посоревноваться	соревноваться
посочувствовать	сочувствовать
поспать	спать
поспешить	спешить
поспорить	спорить
поспособствовать	способствовать
поставить	поставлять
поставить	ставить
постараться	стараться
постареть	стареть
постелить	стелить
постесняться	стесняться
постигать	постичь
постирать	стирать
посторониться	сторониться
постоять	стоять
пострадать	страдать
постричь	стричь
постричься	стричься
построить	строить
построиться	строиться
поступать	поступить
постучать	стучать
постыдиться	стыдиться
посулить	сулить
посушить	сушить
посчитать	считать
посягать	посягнуть
потанцевать	танцевать
потащить	тащить
потемнеть	темнеть
потереть	тереть
потереться	тереться
потерпеть	терпеть
потерять	терять
потеряться	теряться
потеснить	теснить
потечь	течь
поторопить	торопить
поторопиться	торопиться
потратить	тратить
потребить	потреблять
потребовать	требовать
потребоваться	требоваться
потревожить	тревожить
потренироваться	тренироваться
потрудиться	трудиться
потрясти	трясти
потухать	потухнуть
потушить	тушить
потянуть	тянуть
потянуться	тянуться
поужинать	ужинать
поухаживать	ухаживать
поучаствовать	участвовать
пофантазировать	фантазировать
похвастаться	хвастаться
похитить	похищать
похлопать	похлопывать
похлопотать	хлопотать
похоронить	хоронить
поцеловать	целовать
почесать	чесать
починить	чинить
почистить	чистить
почитать	читать
почтить	чтить
почувствовать	чувствовать
пошевелиться	шевелиться
пошить	шить
пошуметь	шуметь
пошутить	шутить
пощадить	щадить
появиться	появляться
пояснить	пояснять
превзойти	превосходить
превознести	превозносить
превратить	превращать
превратиться	превращаться
превысить	превышать
преградить	преграждать
предавать	предать
предаваться	предаться
предвестить	предвещать
предлагать	предложить
предоставить	предоставлять
предостерегать	предостеречь
предотвратить	предотвращать
предписать	предписывать
предполагать	предположить
предпочесть	предпочитать
предпринимать	предпринять
предсказать	предсказывать
представать	предстать
представить	представлять
предугадать	предугадывать
предупредить	предупреждать
предъявить	предъявлять
преклониться	преклоняться
прекратить	прекращать
прекратиться	прекращаться
преломить	преломлять
прельстить	прельщать
пренебрегать	пренебречь
преобразовать	преобразовывать
преобразоваться	преобразовываться
преодолевать	преодолеть
преподавать	преподать
преподнести	преподносить
прервать	прерывать
прерваться	прерываться
пресекать	пресечь
преступать	преступить
преувеличивать	преувеличить
преуменьшать	преуменьшить
преуспевать	преуспеть
прибавить	прибавлять
прибегать	прибегнуть
прибивать	прибить
приближаться	приблизиться
прибывать	прибыть
привезти	привозить
привести	приводить
прививать	привить
привлекать	привлечь
привыкать	привыкнуть
привязать	привязывать
пригласить	приглашать
приговаривать	приговорить
пригодиться	пригождаться
пригрозить	угрожать
придавать	придать
придвигаться	придвинуться
придумать	придумывать
приезжать	приехать
прижать	прижимать
прижаться	прижиматься
призвать	призывать
приземлиться	приземляться
признавать	признать
признаваться	признаться
прийти	приходить
прийтись	приходиться
приказать	приказывать
прикасаться	прикоснуться
прикидывать	прикинуть
прикидываться	прикинуться
прикладывать	приложить
приклеивать	приклеить
приковать	приковывать
прикрепить	прикреплять
прикрывать	прикрыть
прикрываться	прикрыться
прилагать	приложить
прилипать	прилипнуть
применить	применять
примерить	примерять
примешаться	примешиваться
примирить	примирять
примириться	примиряться
примкнуть	примыкать
принести	приносить
принижать	принизить
принимать	принять
приниматься	приняться
принудить	принуждать
приободриться	приободряться
приобрести	приобретать
приостанавливать	приостановить
припадать	припасть
припарковать	припарковывать
приподнимать	приподнять
припоминать	припомнить
приправить	приправлять
прирабатывать	приработать
прирабатываться	приработаться
приревновать	ревновать
приручать	приручить
присваивать	присвоить
приседать	присесть
прислать	присылать
прислониться	прислоняться
прислуживать	прислужить
прислушаться	прислушиваться
присматривать	присмотреть
присниться	сниться
присоединить	присоединять
присоединиться	присоединяться
приспосабливаться	приспособиться
приставать	пристать
приступать	приступить
присудить	присуждать
притвориться	притворяться
притекать	притечь
притереть	притирать
притеснить	притеснять
приукрасить	приукрашать
приукрасить	приукрашивать
приумножать	приумножить
прихватить	прихватывать
прицеливаться	прицелиться
прицелиться	целиться
прицепиться	прицепляться
причесать	причесывать
причинить	причинять
пришивать	пришить
прищуриваться	прищуриться
прищурить	щурить
пробивать	пробить
пробудить	пробуждать
пробудиться	пробуждаться
проваливать	провалить
проваливаться	провалиться
провезти	провозить
проверить	проверять
провести	проводить
проветривать	проветрить
провисать	провиснуть
проводить	провожать
провозгласить	провозглашать
провоцировать	спровоцировать
прогадать	прогадывать
проглатывать	проглотить
прогнать	прогонять
прогнозировать	спрогнозировать
проговариваться	проговориться
прогорать	прогореть
прогуливать	прогулять
прогуливаться	прогуляться
продавать	продать
продаваться	продаться
продвигать	продвинуть
продвигаться	продвинуться
проделать	проделывать
продлевать	продлить
продолжать	продолжить
продолжаться	продолжиться
продумать	продумывать
проезжать	проехать
проектировать	спроектировать
проживать	прожить
прозревать	прозреть
проиграть	проигрывать
произвести	производить
произнести	произносить
произойти	происходить
пройти	проходить
прокаливать	прокалить
прокалывать	проколоть
прокладывать	проложить
прокрутить	прокручивать
пролезать	пролезть
проливать	пролить
промокать	промокнуть
промывать	промыть
пронизать	пронизывать
проникать	проникнуть
пропадать	пропасть
пропитать	пропитывать
пропитаться	пропитываться
пропускать	пропустить
прорастать	прорасти
прорваться	прорываться
просачиваться	просочиться
просветить	просвечивать
просветить	просвещать
просеивать	просеять
прославить	прославлять
прославиться	прославляться
проследить	прослеживать
проследить	следить
просматривать	просмотреть
проснуться	просыпаться
просрочивать	просрочить
простить	прощать
проститься	прощаться
простудиться	простужаться
проступать	проступить
проталкиваться	протолкнуться
протаскивать	протащить
протекать	протечь
протереть	протирать
протестировать	тестировать
проткнуть	протыкать
протягивать	протянуть
протягиваться	протянуться
проучивать	проучить
профинансировать	финансировать
процедить	процеживать
процитировать	цитировать
прочесть	читать
прочистить	прочищать
прочитать	читать
прощупать	прощупывать
проэкзаменовать	экзаменовать
проявить	проявлять
проявиться	проявляться
прояснить	прояснять
проясниться	проясняться
прыгать	прыгнуть
прятать	спрятать
прятаться	спрятаться
пугать	пугнуть
пускать	пустить
путать	спутать
пялиться	уставиться
разбавить	разбавлять
разбивать	разбить
разбиваться	разбиться
разбирать	разобрать
разбрызгать	разбрызгивать
разбухать	разбухнуть
разваливаться	развалиться
разведать	разведывать
развернуть	развертывать
развернуть	разворачивать
развернуться	разворачиваться
развести	разводить
развестись	разводиться
развивать	развить
развиваться	развиться
развлекать	развлечь
развлекаться	развлечься
развратить	развращать
развратиться	развращаться
развязать	развязывать
разгадать	разгадывать
разгласить	разглашать
разгонять	разогнать
разграбить	разграблять
разграничивать	разграничить
разгружать	разгрузить
раздавать	раздать
раздаваться	раздаться
раздвигать	раздвинуть
разделить	разделять
разделиться	разделяться
раздражать	раздражить
раздражаться	раздражиться
раздробить	раздроблять
раздуваться	раздуться
разжечь	разжигать
разлагать	разложить
разлагаться	разложиться
разламывать	разломать
разливать	разлить
различать	различить
разложить	раскладывать
разлучаться	разлучиться
размазать	размазывать
разместить	размещать
разместиться	размещаться
разметить	размечать
размешать	размешивать
разминаться	размяться
размножаться	размножиться
размывать	размыть
разнимать	разнять
разоблачать	разоблачить
разобщать	разобщить
разойтись	расходиться
разорвать	разрывать
разорвать	рвать
разорваться	разрываться
разориться	разоряться
разослать	рассылать
разочаровать	разочаровывать
разрабатывать	разработать
разрастаться	разрастись
разрезать	резать
разрекламировать	рекламировать
разрешать	разрешить
разрушать	разрушить
разрушаться	разрушиться
разрушить	рушить
разузнавать	разузнать
разъедать	разъесть
разъединить	разъединять
разъединиться	разъединяться
разъяснить	разъяснять
разыграть	разыгрывать
разыграться	разыгрываться
разыскать	разыскивать
раскаиваться	раскаяться
раскалывать	расколоть
раскалываться	расколоться
раскапывать	раскопать
раскачать	раскачивать
раскачаться	раскачиваться
расклеивать	расклеить
раскошеливаться	раскошелиться
раскрепостить	раскрепощать
раскрутить	раскручивать
раскрывать	раскрыть
распадаться	распасться
распахивать	распахнуть
расплавить	расплавлять
расплатиться	расплачиваться
распознавать	распознать
располагать	расположить
располагаться	расположиться
распорядиться	распоряжаться
расправить	расправлять
распределить	распределять
распределиться	распределяться
распространить	распространять
распространиться	распространяться
распускать	распустить
распускаться	распуститься
распутать	распутывать
распылить	распылять
рассеивать	рассеять
рассеиваться	рассеяться
рассердить	сердить
рассердиться	сердиться
рассказать	рассказывать
расслабиться	расслабляться
рассматривать	рассмотреть
рассмешить	смешить
рассмеяться	смеяться
рассортировать	сортировать
расспрашивать	расспросить
рассредоточивать	рассредоточить
расставаться	расстаться
расставить	расставлять
расстегивать	расстегнуть
расстелить	расстилать
расстреливать	расстрелять
рассчитать	рассчитывать
рассчитаться	рассчитываться
растаять	таять
растворить	растворять
раствориться	растворяться
растереть	растирать
растеряться	теряться
растоптать	топтать
расторгать	расторгнуть
растрогать	трогать
растягиваться	растянуться
расформировать	расформировывать
расхваливать	расхвалить
расцвести	расцветать
расцвести	цвести
расценивать	расценить
расчесать	расчесывать
расчистить	расчищать
расчленить	расчленять
расшатать	расшатывать
расширить	расширять
расшириться	расширяться
расшифровать	расшифровывать
расщепить	расщеплять
реализовать	реализовывать
реализоваться	реализовываться
регулировать	урегулировать
реорганизовать	реорганизовывать
решать	решить
решаться	решиться
рискнуть	рисковать
родить	рожать
родиться	рождаться
ронять	уронить
рубить	срубить
рухнуть	рушиться
садиться	сесть
сбавить	сбавлять
сбегать	сбежать
сберегать	сберечь
сбивать	сбить
сближаться	сблизиться
сбрасывать	сбросить
сбывать	сбыть
сбываться	сбыться
сваливать	свалить
сваливаться	свалиться
сваривать	сварить
свергать	свергнуть
сверить	сверять
свериться	сверяться
сверкать	сверкнуть
свернуть	свертывать
свернуть	сворачивать
свести	сводить
свестись	сводиться
свисать	свиснуть
свистеть	свистнуть
связать	связывать
связаться	связываться
сгибать	согнуть
сговариваться	сговориться
сгребать	сгрести
сгустить	сгущать
сгуститься	сгущаться
сдавать	сдать
сдаваться	сдаться
сдавить	сдавливать
сдвигать	сдвинуть
сдержать	сдерживать
сдирать	содрать
сжать	сжимать
сжаться	сжиматься
сжечь	сжигать
скапливаться	скопиться
скатать	скатывать
скатить	скатывать
скачать	скачивать
скидываться	скинуться
складывать	сложить
склонить	склонять
склониться	склоняться
сковать	сковывать
скрепить	скреплять
скрестить	скрещивать
скрутить	скручивать
скрывать	скрыть
скрываться	скрыться
скупать	скупить
скучать	соскучиться
сливать	слить
сливаться	слиться
случаться	случиться
слышать	услышать
смазать	смазывать
смачивать	смочить
сменить	сменять
смениться	сменяться
сместить	смещать
смешать	смешивать
смешаться	смешиваться
смириться	смиряться
сморщиваться	сморщиться
смутить	смущать
смутиться	смущаться
смывать	смыть
смягчать	смягчить
снабдить	снабжать
снести	сносить
снижать	снизить
снижаться	снизиться
снимать	снять
собирать	собрать
собираться	собраться
соблазнить	соблазнять
соблюдать	соблюсти
совершать	совершить
совершенствовать	усовершенствовать
совершенствоваться	усовершенствоваться
совместить	совмещать
совпадать	совпасть
согласиться	соглашаться
согласовать	согласовывать
согласоваться	согласовываться
согревать	согреть
соединить	соединять
соединиться	соединяться
созвать	созывать
создавать	создать
сознаваться	сознаться
созревать	созреть
сойти	сходить
сойтись	сходиться
сократить	сокращать
сократиться	сокращаться
сообщать	сообщить
сообщаться	сообщиться
соорудить	сооружать
сопоставить	сопоставлять
соприкасаться	соприкоснуться
сопроводить	сопровождать
сорвать	срывать
сорваться	срываться
соскабливать	соскоблить
сослаться	ссылаться
сосредоточивать	сосредоточить
сосредоточиваться	сосредоточиться
составить	составлять
состряпать	стряпать
состыковать	стыковать
состыковаться	стыковаться
сосчитать	считать
сотворить	творить
соткать	ткать
сотрясать	сотрясти
сохранить	сохранять
сохранить	хранить
сохраниться	сохраняться
сочинить	сочинять
спадать	спасть
спасать	спасти
спасаться	спастись
списать	списывать
сплачивать	сплотить
сплачиваться	сплотиться
сплевывать	сплюнуть
сплести	сплетать
споткнуться	спотыкаться
справить	справлять
справиться	справляться
спрашивать	спросить
спровадить	спроваживать
спускать	спустить
спускаться	спуститься
сравнивать	сравнить
сравниваться	сравниться
сражаться	сразиться
сталкиваться	столкнуться
становиться	стать
станцевать	танцевать
стекаться	стечься
стемнеть	темнеть
стереть	стирать
стереться	стираться
стеснить	стеснять
столпиться	толпиться
стравить	стравливать
страивать	строить
струсить	трусить
стряхивать	стряхнуть
стукать	стукнуть
стукаться	стукнуться
стукнуть	стучать
ступать	ступить
суметь	уметь
сфабриковать	фабриковать
сфокусироваться	фокусироваться
сформировать	формировать
сформулировать	формулировать
сфотографировать	фотографировать
сфотографироваться	фотографироваться
схватить	схватывать
схватить	хватать
сходить	ходить
счесть	считать
сшивать	сшить
сшить	шить
съезжаться	съехаться
сэкономить	экономить
ткнуть	тыкать
толкать	толкнуть
тонуть	утонуть
треснуть	трещать
трогать	тронуть
трогаться	тронуться
трясти	тряхнуть
убегать	убежать
убедить	убеждать
убивать	убить
убирать	убрать
уведомить	уведомлять
увековечивать	увековечить
увеличивать	увеличить
увеличиваться	увеличиться
увлажнить	увлажнять
увлекать	увлечь
увлекаться	увлечься
уволить	увольнять
уволиться	увольняться
увядать	увянуть
увязать	увязывать
угадать	угадывать
угасать	угаснуть
углубить	углублять
углубиться	углубляться
угнать	угонять
уговаривать	уговорить
угодить	угождать
угостить	угощать
удаваться	удаться
удалить	удалять
удалиться	удаляться
ударить	ударять
удариться	ударяться
удваивать	удвоить
удваиваться	удвоиться
уделить	уделять
удержать	удерживать
удержаться	удерживаться
удешевить	удешевлять
удивиться	удивляться
удирать	удрать
удлинить	удлинять
удовлетворить	удовлетворять
удовлетвориться	удовлетворяться
удостаиваться	удостоиться
удостоверить	удостоверять
удочерить	удочерять
уезжать	уехать
узнавать	узнать
уйти	уходить
указать	указывать
укладывать	уложить
укладываться	уложиться
уклониться	уклоняться
укорачивать	укоротить
укорениться	укореняться
украсить	украшать
укрепить	укреплять
укрепиться	укрепляться
укрывать	укрыть
укрываться	укрыться
укутать	укутывать
улавливать	уловить
уладить	улаживать
улучшать	улучшить
улучшаться	улучшиться
улыбаться	улыбнуться
уменьшать	уменьшить
уменьшаться	уменьшиться
умереть	умирать
умерить	умерять
умиротворить	умиротворять
умножать	умножить
умолить	умолять
унести	уносить
унестись	уноситься
унижать	унизить
уничтожать	уничтожить
уничтожаться	уничтожиться
упаковать	упаковывать
упереться	упираться
упиваться	упиться
уплатить	уплачивать
уподобить	уподоблять
уполномочивать	уполномочить
упоминать	упомянуть
упорядочивать	упорядочить
употребить	употреблять
упразднить	упразднять
упрашивать	упросить
упрекать	упрекнуть
упростить	упрощать
упрочивать	упрочить
упускать	упустить
уравнивать	уравнять
уравновесить	уравновешивать
усваивать	усвоить
усеивать	усеять
усиливать	усилить
усиливаться	усилиться
ускользать	ускользнуть
ускорить	ускорять
ускориться	ускоряться
условиться	условливаться
усмехаться	усмехнуться
усмирить	усмирять
успевать	успеть
успокаивать	успокоить
успокаиваться	успокоиться
уставать	устать
устанавливать	установить
устаревать	устареть
устраивать	устроить
устраиваться	устроиться
устранить	устранять
уступать	уступить
усыновить	усыновлять
усыпить	усыплять
утаивать	утаить
утвердить	утверждать
утекать	утечь
утешать	утешить
утихать	утихнуть
утомиться	утомляться
уточнить	уточнять
утрамбовать	утрамбовывать
утратить	утрачивать
утрудить	утруждать
утяжелить	утяжелять
ухватить	ухватывать
ухватиться	ухватываться
ухмыльнуться	ухмыляться
ухудшаться	ухудшиться
учредить	учреждать
ущипнуть	щипать
фыркать	фыркнуть
хватать	хватить
хлестать	хлестнуть
хлопать	хлопнуть
хмыкать	хмыкнуть
царапать	царапнуть
централизовать	централизовывать
чихать	чихнуть
шагать	шагнуть
швырнуть	швырять
шлепать	шлепнуть
шмыгать	шмыгнуть
щелкать	щелкнуть
явиться	являться
